source_id,bp_rp,target_class,period
1113929871645836672,1.142703,CEP,35.0087580724327
1208200864738741376,0.564801,CEP,1.16542087171582
1306279466601099904,1.086469,CEP,9.70773532091855
1328057184175359488,0.669813,CEP,1.45911502487245
1328057867076964864,0.786309,CEP,5.11078585850861
1328059413265281920,0.744039,CEP,2.11292032840514
1335461398554969472,1.148664,CEP,18.7029986317531
154255575798532096,2.069331,CEP,39.6343632579684
1596081113587582464,1.146579,CEP,51.317006705761
1659676827481828608,0.860875,CEP,8.13650782953596
1734124248699204096,0.933793,CEP,6.16544389314943
174489098011145216,1.484664,CEP,6.46349195646324
1750217486861133440,0.768388,CEP,2.0469337440707
1765149340099555840,0.873225,CEP,1.64077122111237
1785352625740690432,0.979933,CEP,2.41264675925489
1789512215668452864,0.802337,CEP,1.70863065737362
1808020329279916288,1.259557,CEP,6.1077611298828
1811618408045800832,0.901899,CEP,3.9541108720012
1816085861226864768,0.779455,CEP,1.09177846850506
1820309639468685824,1.091549,CEP,8.38196551736274
1824511899869141120,2.504901,CEP,4.43724220236643
1824960745472142464,1.771841,CEP,2.18082423536966
1825190337236422016,3.032781,CEP,32.0612291900066
1825211056159949440,2.786598,CEP,51.5662251651799
1825428480248517376,2.353423,CEP,5.93870006014575
1825437177598003456,2.521501,CEP,12.8951412975694
1825453635920313472,2.984242,CEP,6.85317846845003
1825559704420479360,2.417907,CEP,6.34262870194585
1825583030353257984,3.103119,CEP,7.794729355103
1825621002188696448,1.808961,CEP,7.99053519152044
1827400527412737920,2.02504,CEP,1.91041598806229
1827508451315817600,2.232607,CEP,4.47823155496149
1827869808377481216,1.965931,CEP,5.1975192152404
1827888951081299584,3.02002,CEP,3.8500525966412
1827892180896495616,2.872429,CEP,6.33244465176888
1828645999179202048,0.894913,CEP,1.71793324170039
1834213582473654144,2.38868,CEP,5.6309863964819
1834795430275435648,2.418525,CEP,13.2047725433365
183814674602852480,2.427905,CEP,4.24802055510383
1852749557493420032,1.249642,CEP,35.1911186864088
1853221080490290304,1.069642,CEP,9.53487053083213
1857884212378132096,0.823561,CEP,4.43574053267385
1862255045980597120,1.80688,CEP,40.123255897408
1870258975238302208,1.368372,CEP,16.3765540345152
1873112207907294848,1.666895,CEP,7.85681467718691
1873250780732545920,2.121063,CEP,20.1337045835581
188724234539584256,1.866883,CEP,18.1937193985641
189726984845700480,1.658173,CEP,5.25989030440086
189739251272296192,1.636177,CEP,3.41271998259488
1944255076986187776,1.147589,CEP,14.7311114216818
195373217573454464,1.320739,CEP,3.85945460294683
1960750328384177408,1.19764,CEP,4.86427885459159
1960981328902089088,1.251175,CEP,5.33172888799848
1964010169902699648,1.276029,CEP,21.5359302719061
1964815429034864128,1.662785,CEP,30.8925738730442
1968971582984827136,2.050472,CEP,5.25766109416186
1977074811892425600,1.039585,CEP,4.32375441193864
1977320277858125824,1.468216,CEP,3.53113731272485
1978741912045050624,1.592094,CEP,5.86389799252921
1980786488264944256,2.69307,CEP,11.9178504711274
1981006115714214912,1.9775,CEP,4.63850235371406
1981367545804985088,1.817865,CEP,4.23682195421978
198681686717279616,1.537227,CEP,2.65960771245392
1993916856117284864,1.558233,CEP,29.1027125776302
1994462866719961216,1.45642,CEP,6.33691374179196
1998384927774603520,1.79676,CEP,4.73492993958175
1999252442448732288,1.74932,CEP,12.1370311744518
200016111582079744,1.49575,CEP,2.12056422013628
2003938801532007808,1.308413,CEP,4.98351133627353
2004036486267748352,1.248826,CEP,5.44536601570161
2005011237689458688,1.56275,CEP,4.47917934724216
2005753545481718912,1.909442,CEP,5.65782376280665
2005911737717923840,1.864556,CEP,7.6498012243581
2006033847910275584,1.756191,CEP,4.36641072245014
2006989121667184384,1.287878,CEP,6.41602024655336
200708636406382720,1.295845,CEP,11.6240075213138
2007201567928631296,1.50366,CEP,10.8862175749439
2007341583859879552,1.568639,CEP,2.60746311885517
2007759089047681280,1.670643,CEP,1.6889054066282
2007997408188526336,1.762552,CEP,7.23241003731836
2008283006328679680,3.159962,CEP,3.69625731243283
200840126828455808,1.981307,CEP,49.6164459043872
2008504454839717120,1.843758,CEP,6.23293282641569
2008548332226448768,2.945257,CEP,4.64744500721642
2008570391179169792,2.583838,CEP,2.99021770259848
2009559470606505088,3.209095,CEP,8.44342788089256
2010134274671099264,1.69162,CEP,3.91941803778771
2010285491880986112,1.465435,CEP,5.44091216438759
2011184205192790784,2.449543,CEP,7.67660999567363
2011303326105008768,2.197285,CEP,4.7897316558324
2011315528113463808,1.858105,CEP,4.99744851730905
2011488250218029184,2.047291,CEP,8.19177570985753
2011892320749270912,1.514999,CEP,4.47940456839853
2011892325047232256,1.485782,CEP,5.14092743049317
2011892703004353792,1.59435,CEP,4.87496475960741
2012181324799904512,2.664343,CEP,3.90386217861076
2012277910026607744,2.853657,CEP,11.833756295192
2012494342018730496,1.961801,CEP,3.87128255748494
2012643600728382208,2.379679,CEP,7.67825883213024
2012787293154800896,1.707917,CEP,4.56605272086347
2013029941628292352,1.480394,CEP,9.81077568005935
2013131813945245312,2.338901,CEP,5.86971600874405
2013344882984638464,2.327051,CEP,1.40442434491996
2014609252631258496,2.065451,CEP,4.27876242520996
2014709102031762944,3.060771,CEP,5.43543372947126
201509768065410944,1.37561,CEP,10.146213057062
2015458213056909184,1.769882,CEP,3.99990388205409
2015622212085282048,1.909936,CEP,5.66493773669552
201574982848108416,1.644614,CEP,10.2875587752036
2015820463470505600,1.962568,CEP,6.29615707827234
2016028168089215488,2.017652,CEP,7.80219910506333
2016581673416790656,2.322683,CEP,15.0875950633101
2016626856473497344,2.263544,CEP,14.3798699348971
2016648022068515840,2.365045,CEP,4.74288484352395
2017334941957163008,3.31374,CEP,14.8435348758613
2017756639046519552,3.174506,CEP,14.5726844750632
2018385387883485056,3.229552,CEP,70.7971894425745
2018408718146733952,3.437254,CEP,10.6426647591936
2019880203996185472,3.396139,CEP,19.8703048247226
2020020464757138560,3.5655,CEP,4.78697184922781
2020519093290493312,3.288745,CEP,11.1645040965522
2020714634574554240,3.423842,CEP,8.52402769494231
2020938380858128896,2.71211,CEP,7.37836825026141
2021147807811087744,2.681529,CEP,5.17083811321949
2021149938115539968,3.302428,CEP,5.22575143441954
2023647165192089856,1.368935,CEP,6.79914953071967
2024403049430426752,1.95751,CEP,30.9625396152068
2026857124982231296,2.249404,CEP,1.01767316105268
2026993563193159168,2.988865,CEP,12.646363515281
2027002290578474368,3.554893,CEP,20.7553929505661
2027003119517288832,2.857653,CEP,6.64656496077147
2027019749631002496,3.546543,CEP,5.94782713313776
2027263738133623168,1.876393,CEP,6.31970318636207
2027487621870155392,3.260543,CEP,15.2119164741667
2027621594813939840,2.528184,CEP,13.6036295078928
2027827959400312832,3.487161,CEP,16.2343296142367
2027951173435143680,1.898721,CEP,44.9137590141772
2027952753983439104,2.467474,CEP,8.30599626760445
2027964779892391936,3.171525,CEP,10.5341164255944
2027971514401523456,2.230767,CEP,69.467416955503
2028007042373383552,3.177798,CEP,6.46852737138377
2028224024136014464,2.309502,CEP,12.2276431627125
2028502303636578048,3.285671,CEP,3.26811661843648
2028781025505284096,2.774004,CEP,6.23945687031215
2029230730076735488,3.381382,CEP,30.9885948207739
2029246535556644864,3.312374,CEP,9.83360019169622
202939854734748032,1.601649,CEP,8.6395925701707
2030002003130970368,3.38336,CEP,5.63201599937103
2030036736506607616,4.184956,CEP,18.4518403427577
2030063919381336832,1.670691,CEP,7.8183158642719
2030128270848802560,2.834705,CEP,3.57409771292599
2030367281528186240,2.490037,CEP,5.08026525950357
2030403324896259712,2.776436,CEP,8.98814991509366
2030413735897352832,2.841156,CEP,4.80309971551
2030427789038000256,1.867376,CEP,11.6620209100407
2030637898807177344,2.446737,CEP,5.69819495777226
2030848897634605440,2.147004,CEP,6.9621082628838
2031776202613700480,0.888869,CEP,3.84563031781376
2033008274099620480,1.636168,CEP,4.28916298792185
2033483641084424448,2.694742,CEP,6.79483885497114
2033589572148408832,2.146682,CEP,4.8508979850024
2033636644993530240,2.508639,CEP,21.7676294833314
2034137060207366272,2.587494,CEP,3.84586891888336
2034155854985643520,2.590919,CEP,4.92011799461442
2034428980559814400,1.877831,CEP,5.78247050063585
2035402872974695936,1.563536,CEP,31.4459620343926
2037378523542899840,1.621334,CEP,9.75598121195076
2037889315421818496,1.494946,CEP,12.9636774083684
2037911752331602176,1.098412,CEP,41.2076176904499
2038365781911994112,1.80851,CEP,87.101305317821
2039259886717168896,1.375599,CEP,44.9658314199022
2045359534871088384,1.132775,CEP,5.57190100079726
2049057604777831936,0.969089,CEP,1.8874388635206
2049531563002338432,0.854466,CEP,1.60119727115255
2054832033681200384,3.450894,CEP,7.29755121671304
2054948959874129408,2.672366,CEP,5.85676904984548
2055014277739104896,1.759204,CEP,5.95493917576591
2055076881193162496,3.432807,CEP,22.32228081542
2055122987639665664,2.226219,CEP,4.95235253746653
2055324236938822272,3.516427,CEP,8.67194538251853
2055676218106967936,3.346468,CEP,5.49988634093729
2055722599436380416,3.155397,CEP,9.82465848591577
2055809495218465152,2.114818,CEP,6.7173915197933
2055835819085546752,3.595141,CEP,5.7402146820178
2055881689337758336,2.504493,CEP,11.5570788750555
2056068193989793792,2.101576,CEP,4.61207222909039
2057125408779118464,3.378957,CEP,9.94370164639288
2057392418305405824,2.636385,CEP,11.8156181409966
2058374144759464064,1.681824,CEP,17.0686861055712
2058874388200159872,2.132483,CEP,7.57831075014199
2058895313281315840,2.607209,CEP,9.44398857799521
2059001995949587840,2.470118,CEP,12.9731080022693
2059035466654739968,2.910444,CEP,9.70665276290666
2059598687167348352,2.017752,CEP,6.22561089723398
2059881712659581056,2.990289,CEP,3.8605571930232
2060021625508894592,1.348202,CEP,4.36467231452237
2060460704279873536,2.135729,CEP,4.94502035975831
2060907591353171840,2.662478,CEP,8.84983047873807
2061129486527124864,2.77194,CEP,3.43807411543786
2061246206571925504,2.449965,CEP,5.05155035610887
2061395533983428992,2.709146,CEP,41.3343710567009
206211859601169792,1.861663,CEP,3.40705726340683
2062137223303117184,2.969676,CEP,7.01501166816338
2062267687221984128,2.474897,CEP,11.2112052304975
2063349022550766720,2.9233,CEP,14.0854793982565
2063816658582331776,3.522622,CEP,6.58280303860947
2063862597552413056,3.669432,CEP,4.29823964700577
2065676860459788160,3.053021,CEP,12.3529777412425
206577210999441536,1.984124,CEP,13.8450522912115
2065869957888142720,3.122592,CEP,5.68437306697526
2066169128129884288,3.424963,CEP,10.6101641683182
2066760837184240896,2.824179,CEP,8.72134411719908
2066900067144378752,2.920517,CEP,5.96862755495895
2067041835424318720,4.037917,CEP,4.93593827554616
2067251361107786880,4.782989,CEP,10.289114624025
2067549118302850304,3.024945,CEP,20.0533702855478
2068663855595724672,3.014017,CEP,33.2238351676207
2069606682514776832,3.565972,CEP,10.9091765776384
2070181319081749504,4.710394,CEP,34.4244534881831
2070224337474904064,2.054071,CEP,10.1420974233481
2071433765909167232,1.84288,CEP,15.1143981827811
2071447097488127616,3.012879,CEP,47.3031465156314
2072329902270080128,1.419454,CEP,3.89690440690063
2073935223599391872,1.591778,CEP,3.37081391690915
2074102933481447808,1.587344,CEP,4.32812570358039
2074655609859721472,3.297568,CEP,9.43239236764613
207722317998325632,1.527488,CEP,2.4769620560331
2078709577944648192,1.173854,CEP,4.92551269858491
2083759085103721984,2.126458,CEP,9.44574176094643
2117150840907657216,0.993855,CEP,51.5508541973167
2130507330205591296,0.991031,CEP,10.4028379913749
2141004260338257792,0.976781,CEP,7.22743517621465
2161786374436607616,2.551886,CEP,14.7122011236077
2162275240493961984,2.349571,CEP,3.95054130644791
2162640763705905920,1.891079,CEP,3.56902050049036
2162777790346215936,1.706866,CEP,1.61712643725779
2163267519678403712,3.371213,CEP,7.09076816810796
2163329126697735552,3.691232,CEP,5.79288835977443
2163333284226072960,3.020708,CEP,6.38550373994181
2163744982615101568,3.003925,CEP,6.76730844712591
2164359918864249728,1.765904,CEP,5.0571671857534
2164475809937299584,1.255489,CEP,1.76598530444504
2165638925753967232,2.922216,CEP,7.61102247221104
2165771172070496512,1.946775,CEP,7.25132012102445
2166276333253570432,3.006558,CEP,12.2183612182005
2166303099490547072,2.276804,CEP,5.0989418233378
2166382882810197504,2.23433,CEP,8.73611095675168
2166389269407411200,1.899429,CEP,3.16085875092455
2166818804808477824,2.889644,CEP,10.6308289904819
2166861170366710272,1.757933,CEP,4.04925385635501
2167601931957286016,2.591813,CEP,3.94809911065295
2168490814081092608,2.142116,CEP,2.03053201300584
2168683473441151872,2.027778,CEP,2.4183064049149
2168881591694145920,3.527143,CEP,31.1333305269462
2168974530478099328,2.566732,CEP,9.72291781822014
2170785842762144512,1.682551,CEP,7.9664070114229
2171143630713575424,3.125582,CEP,3.43494136301504
2171569966347494400,1.702446,CEP,6.11869718874669
2171687236130073856,3.122971,CEP,4.31496003147323
2171786982452223232,3.042353,CEP,6.92892730539786
2171965824893716992,2.446271,CEP,2.99677161745196
2172000322072006400,2.23253,CEP,7.12547811266412
2172278803454142720,2.886491,CEP,5.85241290256187
2172625119548821760,2.449359,CEP,5.39251017915485
2172686554763264768,2.050223,CEP,4.56210109307629
2172735787961250176,2.62444,CEP,3.29660583100137
2173195216334113536,2.215682,CEP,5.31886958963533
2173289224575696768,3.192011,CEP,11.4533903358208
2173372542630709632,2.344758,CEP,6.70385935618865
2173782183742263552,2.592745,CEP,3.36040599938132
2173914090776117632,2.533343,CEP,7.26223103919299
2173958243040530944,2.968446,CEP,4.35223551948933
2174068847034667264,2.120821,CEP,5.7973699952028
2174627776903099648,2.398501,CEP,4.89422601442534
2174677564161400064,2.007919,CEP,7.23066838297462
2174833591730216192,3.277667,CEP,8.06610689991788
2174872108997359616,3.067862,CEP,4.76111017561388
2174891728408509056,2.551531,CEP,5.03227298867273
2175017313256205312,2.488246,CEP,6.30890377545643
2175235635031237248,2.590825,CEP,8.19235362123267
2175555936502486912,3.74223,CEP,4.61828717595378
2175754398354311552,3.353859,CEP,4.4233992037567
2176050304426499840,2.583311,CEP,31.0724883536907
2177714415280658944,2.138411,CEP,6.71536382759283
2177814470836630912,3.109749,CEP,13.4342320638178
2178267022947704704,2.656447,CEP,3.21410830066285
2198162651499971200,2.037813,CEP,17.8673731712559
2198341184695523712,2.452192,CEP,4.55813412355185
2198576445824899968,2.437874,CEP,2.98620342873852
2199062876642955776,2.102787,CEP,7.34888389924516
2199092494738136576,2.183833,CEP,2.85021743808755
2200018111723748224,1.79592,CEP,3.76783315115666
2200136721542850816,2.291804,CEP,3.79928170406415
2200153454733285248,0.970615,CEP,5.3661535355148
2200288041828202112,2.866457,CEP,4.10700317184683
2200771620783330560,2.260127,CEP,4.70870338882148
2200995921154697216,2.525533,CEP,8.97626618859399
2201578731037441280,2.450059,CEP,6.56444549736377
2202500843341252736,2.053779,CEP,3.7593683857947
2203140071913180032,2.787497,CEP,5.27977614974585
2206773923475727488,2.913997,CEP,5.38259375309437
2208664430643981568,1.823096,CEP,8.55773958401725
2209335510692749056,2.407341,CEP,9.5036575643908
2211309340220914560,2.344525,CEP,3.1570400219534
2213284887737841664,1.945205,CEP,8.44623451345917
228741784865956224,1.510561,CEP,4.29008699279135
229602496313775872,1.662117,CEP,2.04160493560177
2402785682420206848,0.926801,CEP,38.7646394800121
246611563239644544,1.730458,CEP,2.9891760055302
247358200355952256,2.597186,CEP,3.59339035132336
248494232082353152,1.423292,CEP,4.1181902219012
250807196530369152,2.45433,CEP,3.37278122797221
251034486199934720,2.336827,CEP,4.15912808925632
251325959859513856,1.853839,CEP,5.6289881612435
251864136443731584,2.840445,CEP,3.70590368968831
252595410453952384,1.921211,CEP,1.99948365756004
254137750389796224,2.012207,CEP,27.7792591633825
255746713858482048,1.865178,CEP,3.51515687661074
256735552768873856,2.763057,CEP,11.2791076195523
257429344607790336,2.927638,CEP,26.1106360057451
257639493066319744,2.668628,CEP,4.56081539367798
258412862056729472,2.363963,CEP,22.9659437325993
258545623786523904,2.654326,CEP,26.1763276655981
261548119462093568,1.39373,CEP,8.00229875260746
261927068718088832,1.382956,CEP,2.88339214913259
270272675510149504,1.776366,CEP,4.97260140769333
270528311964877568,2.77341,CEP,4.49316838948258
270661215433219968,2.296186,CEP,5.14666451419476
270841363539777280,2.113556,CEP,2.01442557500099
271861779051593856,2.019559,CEP,3.75944497447432
272137893907447168,2.208839,CEP,3.54253218485338
272444829450300160,1.806648,CEP,6.56971659215316
273618936069985408,2.522956,CEP,14.9672096336075
274764764629294208,2.3131,CEP,4.71632096450177
279382060625871360,1.329435,CEP,3.29486682849528
2928116120387181824,1.587402,CEP,4.84509625201431
2929903204735986304,1.479009,CEP,3.31317695182607
2930603731082999296,1.684501,CEP,5.45726137846152
2931247014102560000,1.663111,CEP,5.72962626745688
2932101334643047680,1.239472,CEP,2.5577768400094
2932737092877188352,1.176086,CEP,3.15618155215192
2934506447605426944,1.510103,CEP,4.20601350041698
2934712880912798464,1.953764,CEP,7.51228275398789
2936037173951564288,1.40647,CEP,3.69460317574994
2936110669428633216,1.62957,CEP,4.46331367198578
2936165984303583360,1.491977,CEP,3.5226311701698
2936274153063501824,1.492092,CEP,6.38871561704642
2944446479390897152,1.126875,CEP,114.247847475317
2947842664653933824,1.595947,CEP,3.69396183669748
2948568273607650560,1.728069,CEP,2.78170878027009
2949613084534085760,1.619123,CEP,3.86844814773708
2952257272558933248,1.400356,CEP,4.85924812648135
2952714394517032320,1.716494,CEP,4.63619826194919
3027495856819349248,1.727096,CEP,10.982515417005
3027837358256113792,2.214881,CEP,4.96044243894171
3027913155837731584,2.404197,CEP,5.64724594351527
3027940437469882880,1.354853,CEP,4.25535569261674
3029446630962736896,1.115283,CEP,6.76285825268404
3031419601502352768,1.534539,CEP,2.31153962617043
3031875585286182144,1.232201,CEP,6.99550828342418
3035408251728251520,1.220471,CEP,45.6268409122393
3039534959381036928,1.923056,CEP,81.102329769359
3044483895581000192,1.701288,CEP,4.6698214489972
3045720399486222720,2.527521,CEP,4.50661415078943
3046774762417915136,1.221569,CEP,4.67836893432049
3049028207194964224,2.225203,CEP,6.40214095245127
3050050207554658048,1.595457,CEP,8.01172849631846
3050543819559526912,1.876507,CEP,6.94563727522763
3052092481686246016,1.53893,CEP,3.28742361548376
3099066951319051008,1.539414,CEP,4.80893568466671
3102246837723495296,2.433867,CEP,10.2062487917328
3102535635624415872,1.868644,CEP,3.93777200914346
3102810199992768512,1.678914,CEP,2.10675744382295
3105860283909081728,1.61364,CEP,5.45638416605275
3106015688704277504,1.602974,CEP,3.95836871199983
3106349738382214144,1.484226,CEP,8.69968345729877
3106537239474115840,1.873926,CEP,2.95156122302885
3106642552072285952,1.649851,CEP,4.09665873734444
3106871280549395200,2.240863,CEP,15.6789999554443
3112024798930085120,1.887372,CEP,3.01052083052214
3113203642894208128,1.11035,CEP,3.9080368643916
3113441691460573312,1.786383,CEP,7.09838821018932
3113680251125330304,1.508966,CEP,4.02260295843128
3117307814859500416,1.701984,CEP,3.13523375896254
3119433991174191360,1.931396,CEP,6.9325524259702
3125437672556115968,1.496195,CEP,3.42213609052561
3125834802411655552,1.899518,CEP,1.91945591101097
3126930912425121408,2.355365,CEP,6.71699925465812
3127142323596470144,1.824931,CEP,5.3787660501824
3127458403131746048,1.226404,CEP,4.13362168098148
3127739019113627392,2.005059,CEP,2.48378738398406
3128293447849074048,1.513952,CEP,3.01396030754153
3132210870342377344,1.529301,CEP,6.73176056697519
3133819112256378368,1.508554,CEP,2.70548009825186
3134002107923090944,1.621978,CEP,2.42717571431269
3134257439437751552,1.363571,CEP,18.7150906815942
3283721030024735360,0.97896,CEP,1.58359363142585
3324153371114695680,1.425491,CEP,15.2297093393956
3326443821335586816,1.656838,CEP,4.66239343927858
3327115524160326528,1.492836,CEP,1.53184794685591
3327281790934522752,2.072942,CEP,4.80255681115878
3329849043206545920,1.295176,CEP,8.6184913685456
3330259852538068608,1.407073,CEP,3.88868430592917
3331144684519753984,2.148574,CEP,5.09062236207988
3339415417140734208,1.40407,CEP,4.23197838868442
3343252261748847104,1.065289,CEP,3.14990357293032
3344297935963515008,1.579175,CEP,4.90955039356527
3344381567567275392,2.355697,CEP,3.56322194873158
3346584610911570176,1.297464,CEP,4.03430428356676
3349047375222899456,2.592302,CEP,3.02075732409693
3349130530085488896,2.83696,CEP,9.14633519089668
3351921532976862336,1.871532,CEP,4.97835171214998
3356940155020790656,1.322217,CEP,7.91141851602903
3368698813404804352,1.3455,CEP,7.56694930079696
3370309426139897728,2.075025,CEP,2.52150417685717
3374837008864233472,2.486553,CEP,2.1345057438955
3378049163365268608,0.985612,CEP,3.78802020076294
3390186156826555136,1.599563,CEP,5.06581973476715
3397212822106196992,1.257569,CEP,4.43793343784019
3415206707852656384,1.649012,CEP,13.9432877479542
3418697936444956672,1.250104,CEP,2.01029138449735
3423304890166708864,2.967756,CEP,2.94560690151294
3425576270732293632,1.47708,CEP,2.63471631559212
3430067092837622272,1.363424,CEP,11.3128451408968
3430457002856349952,1.784675,CEP,45.8684415428638
3437377432112957952,1.356754,CEP,3.17481498526721
3437868570213317504,2.630255,CEP,3.50513296769245
3441145084801214464,1.517176,CEP,3.89656741502841
3441484760885586176,1.904625,CEP,3.6161447382885
3442172745919329664,1.481917,CEP,3.34886041880017
3445039825569144192,1.520539,CEP,3.04676395160047
3445193619757587456,1.434392,CEP,6.76223084770253
3448592455015389696,0.813363,CEP,1.10372995612272
3449106511061314432,2.155459,CEP,7.29089879910639
3454677697820598528,2.160456,CEP,4.69064982065552
3455325108309625088,1.382841,CEP,7.84741866487447
3585871223384619648,0.635989,CEP,0.640408785488052
3637042116582796544,1.127929,CEP,17.2798829215563
3663348550752401152,0.652372,CEP,1.2184470206326
377753613615880832,0.940695,CEP,3.20092398403184
393953130749489152,0.898426,CEP,9.15366381261559
394818721274314112,0.875853,CEP,2.13886777468985
403012071468592640,1.169131,CEP,8.06864002657739
4036718746515296768,1.807962,CEP,75.774527562901
4037281455951370880,2.12818,CEP,66.5199622647397
4037438101994829312,1.446979,CEP,28.5569308325023
4038623001982306688,1.042926,CEP,1.94179955360124
4038916262368422144,1.070567,CEP,9.92799841942287
4038969927853236864,1.465809,CEP,16.2645198822174
4039259683524308352,1.156204,CEP,26.7187166505813
4039938769393211136,1.692421,CEP,66.3196441484752
4040728046945051264,1.577461,CEP,29.7612852793848
4040757699401761024,1.849274,CEP,9.60400762592661
4041541449423380992,1.790608,CEP,12.5943009783799
4041690364529590144,2.044532,CEP,20.329497690713
4042055226200349312,1.601855,CEP,34.7808396393818
4042380411149581312,1.862872,CEP,20.1964509966537
4042508053191562368,2.232781,CEP,18.2825947847796
4042605428692186240,1.416374,CEP,23.0469881304364
4043651584030279040,2.799096,CEP,83.6966654564075
4045253297571203968,1.223657,CEP,12.8792280319257
4045437770642084608,1.124019,CEP,13.993698345632
4045563527285331584,1.08919,CEP,27.9329636490328
4045574453680455808,1.333736,CEP,12.2394990259421
4046807830852751872,0.94523,CEP,1.95581106290274
4047312644129282816,1.262768,CEP,6.59329975559505
4048313921269210112,1.202114,CEP,6.90037792489647
4048758643709571840,1.825562,CEP,22.5868532662952
4048947102520098304,1.209236,CEP,16.2196574894994
4049318050260697984,1.586301,CEP,48.2520912763553
4049507372422229888,1.410636,CEP,15.1689233121556
4050192093279220736,1.454579,CEP,3.52042442981039
4050309195613114624,1.108183,CEP,7.59538701754304
4050329875830986752,1.628161,CEP,12.1700461440343
4051086168033980544,1.339293,CEP,16.7705343756264
4051542190480156672,1.436955,CEP,40.5756974065834
4052133899533889408,1.006158,CEP,1.72482560932632
4052689157266932736,1.372404,CEP,1.8438878371387
4052774575604865152,1.784106,CEP,28.1715004667651
4054440301294394624,1.291147,CEP,4.52772963247478
4054525650875166464,3.501831,CEP,12.1062480476215
4054575949223340288,4.46592,CEP,49.9677439906405
4054740090000104064,3.422684,CEP,10.9280502875224
4054962874233545088,3.619491,CEP,5.94330461777168
4056559296402394368,2.480696,CEP,10.9022396329476
4057606787380343808,3.811495,CEP,15.2527955580794
4057701830728920064,1.097953,CEP,7.01211243294917
4058723174070783360,1.827011,CEP,1.23880544613507
4058983277246135936,2.656608,CEP,10.2211516805726
4060381581163584896,2.690011,CEP,35.2732046892525
4060754379934213760,3.746478,CEP,9.17124202555403
4060898660862301056,3.509134,CEP,14.7021300375402
4062250540386015488,1.757017,CEP,31.7116047906707
4062297888106853888,1.490534,CEP,3.85616470713133
4062964948064669056,1.87659,CEP,8.11601750626224
4063021852156352384,2.011856,CEP,38.2806770919643
4063252028038362496,0.976743,CEP,1.51374655598364
4063826557167149440,2.937652,CEP,5.74826348064301
4064657543138360960,1.587411,CEP,12.9826915193642
4068898810519269248,2.041472,CEP,22.5419869736267
4069645924308096512,2.733575,CEP,15.4024269709997
4069887786823732608,2.999289,CEP,42.6863249911497
4070642734685646464,2.854585,CEP,16.7809003346643
4072966007081949568,1.285817,CEP,7.31386137116971
4073177525625434624,1.328373,CEP,10.8648498608263
4075345968697930624,1.222807,CEP,42.8163240865902
4076363528037529600,1.113697,CEP,1.53329606881369
4077106561752384384,1.508572,CEP,18.1381338345967
4077190566946727808,1.454066,CEP,13.4700564888129
4077588418358577024,1.150903,CEP,1.71490624294516
4077588452718318080,1.125772,CEP,1.69069810232525
4077746232628589568,1.525438,CEP,29.6114730805168
4077901439957549568,1.500892,CEP,5.4171712102869
4080122796947250176,1.251757,CEP,5.15386019479298
4085507620804499328,1.136046,CEP,41.3003709719947
4085983537561699584,1.466086,CEP,16.2126890135401
4089525717386434048,1.84412,CEP,14.4036623214385
4089589175451581952,1.600903,CEP,18.8479069533118
4089762829569987712,1.493308,CEP,1.45762907280672
4093976334264606976,1.900085,CEP,6.17907463324
4094007532908816896,2.594121,CEP,13.5646017980262
4094098826707138048,3.320627,CEP,24.4085589679341
4094784475310672128,1.77924,CEP,21.8474782019129
4095410608484389504,3.483485,CEP,13.9852536058429
4095782655730995968,2.390604,CEP,7.2887554207572
4096107909387492992,1.16597,CEP,5.77342723824618
4096140001386430080,2.017714,CEP,6.56867818587437
4096341040228858240,2.016841,CEP,9.76195781373865
4096776962251069312,1.428578,CEP,1.32517919087137
4097241677618247040,3.836761,CEP,12.518316148426
4099189015819292800,1.313139,CEP,9.55772956457999
4100278455704428032,1.514748,CEP,8.74150522416321
4102602827621060864,1.41383,CEP,1.3946350951672
4103125576704569344,2.371063,CEP,14.1795503702679
4103564728516764032,1.717134,CEP,11.0411726628072
4103767240452681728,2.048198,CEP,15.0533229395686
4103989346187406464,1.803013,CEP,5.5447697529726
4104857784196182400,1.663447,CEP,4.19836199744416
4104869264724284544,2.354671,CEP,14.7466980618804
4104870913991712640,2.758014,CEP,8.81942527797399
4105221348922429440,1.956087,CEP,21.0569013868223
4105348686135299200,2.226675,CEP,12.7444234075162
4109399557488476160,1.890437,CEP,36.5180371225382
4109863487068447360,2.419726,CEP,13.7701520034878
4111218875639075712,1.797653,CEP,13.820703833197
4111834567779557376,1.167566,CEP,4.06767305206961
4111880369315900032,1.147237,CEP,25.0149760800969
4112037938717865600,1.583756,CEP,56.1756734700816
4112312369954849024,0.907802,CEP,1.24218828834019
4113644634448907648,1.22035,CEP,13.460081753672
4114671479583152512,2.064794,CEP,36.3858408783034
4116399185948808192,2.345564,CEP,29.6070843520111
4116708531074256768,1.941959,CEP,9.34390486976202
4117307863590649600,1.82133,CEP,14.8580692867515
4117692525282062848,2.184977,CEP,28.1046514179615
4118215171249473664,2.290144,CEP,35.1847951010678
4118261900486964096,2.565269,CEP,14.6881358976331
4122080469938117760,1.675388,CEP,2.86250987810066
4122383415422201088,1.540866,CEP,21.1553596608637
4122508420491774976,1.693587,CEP,7.94959042559224
4124203661280128128,1.0694,CEP,1.17155845326209
4125177446265160448,1.629781,CEP,16.0286167198623
4126464772527886208,1.387737,CEP,1.24876182513432
4128740143126634368,0.963274,CEP,1.51791211220491
4129242894819676416,1.172021,CEP,10.7810100676619
4131472360791082496,1.254777,CEP,2.24913875035275
4136939132623615872,1.622982,CEP,13.5622939504132
4143439926422317952,2.270543,CEP,8.5921871254551
4145022604654640384,2.126218,CEP,2.77410512630907
4145697876614018048,2.484602,CEP,9.01021939278115
4147381366335558784,2.14095,CEP,5.30103932891645
4148449331430886400,1.97714,CEP,29.4629576541128
4148483283206223104,1.84042,CEP,4.17988836711053
4149348869370690432,1.381172,CEP,9.82412288662054
4151188730287610368,2.993897,CEP,27.7254862323272
4152814461303695104,3.746016,CEP,25.5529268152232
4153177128348076032,2.625715,CEP,5.76308312548052
4153413252782596864,3.086227,CEP,24.3381291489236
4154411776823714688,3.10256,CEP,15.5519981444264
4154536747505387648,1.623542,CEP,3.3849211496662
4156450099578283776,2.011136,CEP,10.341812681083
4157780096333716864,2.621985,CEP,5.12172588278878
4158168125175250048,2.498647,CEP,15.2953837640002
4160953188153642496,1.772378,CEP,0.854864978776875
4161479334488856320,1.652276,CEP,21.0560199790412
4162634680691739392,1.813939,CEP,7.24944799819246
4167155567562018944,1.88197,CEP,11.4981565133912
4173253630874117376,2.170109,CEP,3.30261015820761
4175017625462647168,1.871658,CEP,17.1176796010514
4178830899283686656,1.707149,CEP,15.0988205559074
4188140876549643008,0.907823,CEP,1.62445847856805
4190143160245024256,1.153272,CEP,5.37617776592934
4190528813949099520,0.94642,CEP,2.04005662899614
4201372919186754048,1.159512,CEP,2.9059856483219
4203801018864386944,1.148832,CEP,32.6600950326729
4204653587029046400,1.485753,CEP,6.80735595222622
4205497393488435200,1.100246,CEP,1.66835000314148
4207681367143932800,1.434491,CEP,7.02345928290626
4221891970813502464,1.2443,CEP,1.21015203203903
422226488141991296,1.280448,CEP,5.80955395187766
422923956470923008,1.344128,CEP,4.07122049254576
423454573911964544,1.306279,CEP,2.49951996790906
4240272953377646592,1.142468,CEP,7.17724972639816
4246647161574593408,1.019191,CEP,7.44476660199812
425146374407314560,2.139204,CEP,6.90119706196673
4251917636212432384,1.279434,CEP,3.67120325173085
4252368406036530688,1.252813,CEP,6.43969171076849
4253056116099396864,3.87488,CEP,11.985911252504
4253056287898068352,2.91508,CEP,1.63773168920018
4253142663955281024,2.082019,CEP,14.8485260677701
4253319586655999744,1.871038,CEP,12.7085062149728
4253435825622331392,1.69163,CEP,12.895755260838
4253442933709196288,2.009689,CEP,7.41685027429959
4253603501158148736,1.821495,CEP,3.91725548015637
4255229094685654528,2.695671,CEP,6.41101741428491
4255871072049894784,1.850908,CEP,8.75768806979135
4256556097804323456,2.995179,CEP,2.05749850960023
4256616777100386304,2.979826,CEP,6.42425913225776
4256740751371777408,2.805589,CEP,9.99338642231619
4256744187345732224,2.149066,CEP,11.0548313270363
4258175403559021824,2.961391,CEP,5.25524036630027
4258250788823152000,3.593722,CEP,7.25439540787377
4258436301367796480,2.275499,CEP,19.7042200631967
4258464094075919104,3.841378,CEP,18.3238153920837
4258760000140242816,2.73727,CEP,3.02858957118344
4259486747309422976,2.201088,CEP,4.48561765291789
4259511653784796032,2.978278,CEP,23.0751516027404
4259861783820291072,4.221844,CEP,12.9309385500835
4260210878780635904,2.816885,CEP,17.1424445795791
4265371574109405824,1.702907,CEP,2.98785146585408
4265899816338237696,1.729446,CEP,7.30405211322062
4266208813461315072,2.329824,CEP,8.79609830698101
4266218129306491520,2.568374,CEP,65.1741805677819
4266505411026346880,3.779956,CEP,22.4147747388564
426881614218441600,1.455218,CEP,4.50168794255403
4268823074161900032,2.987429,CEP,5.46850295856769
4269036830424588800,1.605709,CEP,9.48063915457218
4276605524839659776,2.617186,CEP,21.0168337081691
4278220741789022080,1.118088,CEP,1.16302581252013
4281590774975851776,5.499671,CEP,19.8774692270845
4284500735584253952,1.608843,CEP,39.6350980144048
4285231777700184320,2.978612,CEP,35.2675521798972
4285878256152184832,3.071761,CEP,18.9925271781446
428620663657823232,1.564116,CEP,8.00063398535267
428835686898545920,1.796924,CEP,3.73456034180737
4293157229319068544,1.633099,CEP,7.47622309570337
429385923752386944,1.718955,CEP,4.36537118627667
429544700100302080,1.956407,CEP,6.7979772895031
429562773322439296,1.792761,CEP,3.63024347702408
4295988952813227776,1.083046,CEP,4.27731877334872
4298160728756494976,1.765014,CEP,68.3216759495481
429873900755069440,2.103219,CEP,2.09729848353588
429890595286480384,1.98109,CEP,4.30550942773328
429945884408637696,2.187317,CEP,3.87861613207958
4299958597754397312,1.154944,CEP,10.8648364478878
4303770918113986304,1.120222,CEP,6.17891188343562
4304937396883833344,1.487806,CEP,24.0503081064306
4305905413775436928,3.155498,CEP,4.23963043318257
4306046593639867776,1.846885,CEP,4.20932609864053
4306210597003858560,2.542959,CEP,9.76313956700701
430629986799994880,1.851665,CEP,5.35045231321267
430630708354628096,2.37008,CEP,6.16806900809865
430647231080076416,1.776951,CEP,3.81030645024075
430670222050230912,1.996454,CEP,6.23997255582436
430766016998901376,1.821265,CEP,6.84666718766436
4307944836090489600,1.896937,CEP,7.23918394936157
4308963877171060480,3.609032,CEP,5.25174923242613
431184518613946112,1.828464,CEP,3.02631451707476
4311851087319235200,1.986628,CEP,8.04258810200082
431215098780669696,2.702004,CEP,9.53500787605577
4312800966604310912,3.082914,CEP,6.27323814450472
4313067181547804160,2.842401,CEP,20.8052488277489
4313179507891570304,2.183231,CEP,13.4415673849165
4313263895380890752,2.974019,CEP,5.62641829111399
4313684424217379840,2.01161,CEP,7.57365090594836
4314923363333177984,1.459508,CEP,6.69716974131306
4316782057716383232,1.012255,CEP,1.48074385099109
4319016742035655808,3.665853,CEP,18.2369865241943
4319018739208020096,2.366134,CEP,8.62753569453043
4320029877589560448,3.314661,CEP,8.7774102864781
4320062347542878208,3.370395,CEP,5.54364816985907
4320807988232100352,3.127107,CEP,10.6268630301274
4320868358294252928,3.475787,CEP,5.9494064863299
432163221401882240,2.291957,CEP,10.9305829550356
4321755561092593920,2.804354,CEP,6.04889023759499
432291280141114624,3.575744,CEP,4.37661270385275
4322957769667291392,3.247012,CEP,4.60762459895553
4323162042636078720,2.937722,CEP,4.73706729830231
4323381906277168256,2.553487,CEP,6.32379892958342
4323441662195363712,2.839292,CEP,6.13081138335237
4326738650856461312,1.54019,CEP,1.45657339579528
4333737385964345472,1.553218,CEP,12.0587107963138
4344611414225212288,1.014134,CEP,1.37823702912171
4344670860870864640,1.024083,CEP,0.786528992647571
4352629469629411840,1.133986,CEP,1.11588997312335
4360377693711966592,1.557057,CEP,0.811681672493225
4365039549995933824,1.675792,CEP,15.2010480951291
